feature_set,model,lookback,hidden,dropout,lr,val_bal_acc_mean,val_bal_acc_std,p_C,p_n_estimators,p_max_depth,p_learning_rate
full10_alpaca,GRU,90,64.0,0.3,0.0005,0.5137931034482759,0.010800054944108604,,,,
full10_alpaca,LSTM,30,32.0,0.2,0.0005,0.5255058468006832,0.014533371186649225,,,,
full10_alpaca,LogReg,30,,,,0.5078833267638944,0.0,1.0,,,
full10_alpaca,RF,60,,,,0.5,0.0,,300.0,5.0,
full10_alpaca,XGB,60,,,,0.5079641851841178,0.016671037999600583,,300.0,3.0,0.05
tech7,GRU,60,32.0,0.2,0.001,0.5252519430114035,0.003875716372555998,,,,
tech7,LSTM,60,32.0,0.2,0.001,0.5153711656147025,0.0015381369642436334,,,,
tech7,LogReg,60,,,,0.5050580741850881,0.0,0.1,,,
tech7,RF,60,,,,0.4970122296836423,0.0011774527009251622,,300.0,5.0,
tech7,XGB,30,,,,0.48669688608592826,0.01780360382917095,,300.0,3.0,0.1
