fold,arch,train_start,train_end,test_start,test_end,n_test,bal_acc_mean,bal_acc_std,threshold,strat_sharpe,bh_sharpe,strat_return,bh_return,strat_mdd,bh_mdd,exposure,n_trades,perm_p,sigma_ratio
1,LSTM,1993-11-12,2005-12-30,2007-07-02,2009-12-31,572,0.5112418300653595,0.01633800234432555,0.0005,-0.21113457623443807,-0.36839689417226057,-0.2054450263739741,-0.31613563333752726,-0.4678955968155401,-0.5957596608900383,0.6398601398601399,88,0.416,0.1822145748412721
1,GRU,1993-11-12,2005-12-30,2007-07-02,2009-12-31,572,0.5071323529411765,0.008350040921516737,0.002,-0.12529241723321194,-0.36839689417226057,-0.1434891078359074,-0.31613563333752726,-0.4325848708488894,-0.5957596608900383,0.45104895104895104,88,0.3915,0.17778422681827766
2,LSTM,1993-11-12,2009-12-31,2011-07-01,2013-12-31,569,0.522289156626506,0.022934423773831078,0.003,0.04310930101162543,1.5676420354443312,0.0033157641332153265,0.6285235961892259,-0.06480924846519792,-0.09856604084989569,0.01757469244288225,8,0.602,0.131261314625344
2,GRU,1993-11-12,2009-12-31,2011-07-01,2013-12-31,569,0.48494603413654613,0.003106489494277996,0.0005,-0.07791711259467837,1.5676420354443312,-0.005656998424549475,0.6285235961892259,-0.053910430408417934,-0.09856604084989569,0.022847100175746926,22,0.683,0.09054395885972052
3,LSTM,1993-11-12,2013-12-31,2015-07-01,2017-12-29,570,0.526060508115679,0.010558490785755135,0.003,-0.36712712647668605,1.433061979084684,-0.032243281399484625,0.4321396356058158,-0.0991484168768512,-0.1321771053106937,0.056140350877192984,16,0.8555,0.26370881370857663
3,GRU,1993-11-12,2013-12-31,2015-07-01,2017-12-29,570,0.5180650000207191,0.012385710263009714,0.003,0.5240451657742712,1.433061979084684,0.08017985634970581,0.4321396356058158,-0.07990055772234599,-0.1321771053106937,0.07017543859649122,20,0.4365,0.23690644696641713
4,LSTM,1993-11-12,2017-12-29,2019-07-01,2021-12-31,573,0.499962326702833,0.004288830913668838,0.003,0.4748274507076334,0.91443814043826,0.14808091358078834,0.5570778273144852,-0.1418909002621234,-0.3574584832866121,0.04537521815008726,32,0.3935,0.1899170696836618
4,GRU,1993-11-12,2017-12-29,2019-07-01,2021-12-31,573,0.5173359955796665,0.01098909622113573,0.002,1.3103864289748164,0.91443814043826,0.525103304458121,0.5570778273144852,-0.11523213318526196,-0.3574584832866121,0.2949389179755672,74,0.0895,0.2202273884450115
5,LSTM,1993-11-12,2021-12-31,2023-07-03,2026-08-18,725,0.503070345899728,0.010691374911873698,0.003,0.46561320647204957,1.1217454980493768,0.2227305852836865,0.8013904813868875,-0.01852549489929248,-0.1920898509617587,0.004137931034482759,2,0.362,0.11744633418604158
5,GRU,1993-11-12,2021-12-31,2023-07-03,2026-08-18,725,0.5143412359113875,0.010754284021634877,0.001,0.19008765536375158,1.1217454980493768,0.16804314608965254,0.8013904813868875,-0.09713694157735112,-0.1920898509617587,0.1296551724137931,58,0.6625,0.19044101744136677
